date,login_id
1/4/30,81485
1/8/30,89333
1/8/30,85953
1/10/30,57453
1/12/30,79607
1/12/30,54017
1/12/30,50062
1/13/30,72466
1/13/30,63397
1/13/30,57723
1/14/30,74726
1/15/30,69031
1/16/30,65254
1/17/30,57067
1/17/30,59294
1/17/30,71651
1/18/30,77220
1/18/30,52245
1/18/30,81324
1/18/30,67660
1/18/30,86773
1/18/30,83627
1/19/30,55022
1/19/30,87072
1/19/30,66310
1/20/30,72036
1/20/30,75231
1/20/30,57283
1/20/30,74679
1/21/30,68965
1/21/30,68088
1/21/30,53059
1/21/30,69334
1/21/30,74344
1/21/30,58888
1/21/30,80427
1/21/30,56783
1/22/30,51634
1/22/30,83397
1/22/30,73278
1/22/30,88630
1/22/30,56850
1/22/30,57929
1/22/30,68934
1/23/30,85759
1/23/30,67141
1/23/30,57136
1/23/30,50376
1/23/30,57834
1/23/30,85890
1/23/30,72950
1/23/30,68448
1/23/30,64410
1/24/30,64372
1/24/30,64504
1/24/30,53175
1/24/30,60035
1/25/30,58334
1/25/30,57232
1/25/30,57019
1/25/30,70433
1/25/30,79380
1/26/30,83314
1/26/30,64019
1/26/30,79433
1/26/30,65274
1/26/30,76046
1/26/30,81430
1/26/30,53502
1/26/30,58370
1/26/30,83857
1/27/30,82259
1/27/30,87744
1/27/30,52075
1/27/30,89499
1/27/30,54589
1/27/30,73058
1/28/30,79174
1/28/30,57009
1/28/30,52674
1/28/30,85461
1/28/30,80202
1/28/30,79565
1/28/30,69930
1/29/30,50309
1/29/30,53963
1/29/30,67943
1/29/30,56128
1/29/30,81438
1/30/30,77501
1/30/30,70970
1/30/30,55890
1/30/30,71916
1/30/30,85284
1/30/30,50251
1/30/30,83596
1/30/30,65223
1/30/30,69307
1/30/30,78839
1/30/30,75095
1/31/30,50950
1/31/30,71407
1/31/30,74859
1/31/30,64300
1/31/30,51006
1/31/30,73935
1/31/30,60319
1/31/30,80999
2/1/30,78571
2/1/30,68434
2/1/30,53034
2/1/30,86519
2/1/30,74034
2/1/30,78796
2/1/30,56830
2/1/30,55034
2/1/30,63724
2/2/30,84907
2/2/30,81497
2/2/30,65520
2/2/30,72988
2/2/30,51547
2/2/30,57931
2/2/30,70487
2/2/30,73644
2/2/30,61677
2/2/30,63834
2/2/30,82082
2/2/30,75393
2/2/30,58730
2/2/30,57616
2/3/30,72541
2/3/30,51241
2/3/30,61466
2/3/30,65876
2/3/30,69269
2/3/30,79182
2/3/30,63401
2/3/30,59495
2/3/30,81933
2/3/30,88037
2/4/30,88722
2/4/30,52523
2/4/30,64853
2/4/30,86980
2/4/30,69041
2/5/30,75041
2/5/30,89091
2/5/30,51899
2/5/30,78710
2/5/30,88298
2/5/30,79144
2/5/30,70781
2/5/30,83204
2/5/30,76219
2/6/30,71589
2/6/30,76477
2/6/30,57351
2/6/30,73624
2/6/30,62180
2/6/30,84352
2/6/30,88064
2/6/30,57018
2/6/30,77927
2/7/30,51792
2/7/30,71242
2/7/30,83457
2/7/30,80320
2/8/30,65829
2/8/30,70935
2/8/30,77143
2/8/30,58272
2/8/30,84974
2/8/30,58196
2/8/30,52681
2/9/30,59651
2/9/30,70982
2/9/30,53170
2/9/30,53644
2/9/30,64169
2/9/30,54962
2/11/30,84597
2/11/30,80488
2/11/30,76760
2/12/30,74525
2/12/30,86948
2/12/30,56182
2/12/30,88923
2/12/30,59843
2/12/30,89322
2/12/30,70167
2/13/30,70449
2/14/30,84368
2/15/30,50762
2/15/30,62688
2/16/30,56407
2/16/30,55456
2/17/30,50883
2/17/30,73183
2/21/30,64944
3/4/30,89120
3/6/30,69653
3/13/30,84998
3/15/30,79354
3/15/30,87150
3/15/30,84120
3/15/30,71324
3/16/30,56821
3/16/30,83490
3/16/30,58930
3/16/30,79822
3/17/30,86380
3/17/30,78100
3/18/30,58392
3/18/30,51709
3/18/30,62102
3/19/30,81924
3/19/30,89087
3/19/30,52441
3/19/30,57464
3/19/30,83101
3/19/30,73224
3/20/30,78144
3/20/30,63854
3/20/30,52177
3/20/30,51243
3/20/30,82207
3/21/30,57242
3/21/30,82743
3/21/30,88546
3/22/30,50590
3/22/30,67869
3/22/30,53385
3/22/30,77586
3/22/30,58891
3/23/30,88309
3/23/30,88784
3/23/30,66678
3/23/30,51796
3/23/30,79472
3/24/30,74915
3/24/30,58716
3/24/30,76244
3/24/30,61435
3/24/30,85278
3/24/30,51287
3/25/30,68032
3/25/30,74473
3/25/30,86527
3/25/30,51364
3/25/30,84979
3/25/30,88929
3/25/30,62425
3/25/30,80088
3/26/30,76102
3/26/30,87070
3/26/30,51946
3/26/30,50971
3/26/30,73400
3/26/30,85889
3/26/30,73491
3/26/30,58958
3/26/30,59210
3/26/30,53814
3/27/30,62484
3/27/30,52763
3/27/30,86581
3/27/30,85552
3/27/30,80840
3/28/30,73236
3/28/30,72232
3/28/30,82205
3/28/30,57705
3/28/30,82391
3/28/30,76542
3/28/30,68905
3/28/30,65641
3/28/30,63408
3/29/30,87601
3/29/30,53655
3/29/30,73004
3/29/30,80121
3/30/30,86243
3/30/30,57766
3/30/30,59770
3/30/30,88084
3/30/30,67427
3/31/30,77127
3/31/30,70529
3/31/30,70203
3/31/30,83640
3/31/30,57451
3/31/30,67369
3/31/30,77206
3/31/30,71981
3/31/30,72648
3/31/30,62034
3/31/30,78563
3/31/30,54369
4/1/30,66348
4/1/30,54054
4/1/30,75683
4/1/30,87803
4/1/30,55159
4/1/30,80540
4/1/30,77089
4/1/30,75716
4/1/30,65106
4/2/30,55953
4/2/30,52096
4/2/30,59639
4/2/30,79102
4/2/30,73710
4/3/30,69290
4/3/30,69026
4/3/30,62252
4/3/30,63210
4/3/30,64294
4/3/30,70000
4/3/30,66406
4/4/30,60141
4/4/30,70971
4/4/30,66724
4/4/30,81617
4/4/30,56592
4/4/30,75910
4/4/30,66643
4/4/30,80639
4/4/30,66933
4/4/30,56773
4/4/30,60112
4/5/30,51557
4/5/30,72711
4/5/30,89426
4/5/30,52951
4/5/30,74447
4/5/30,59943
4/5/30,81742
4/5/30,89310
4/6/30,82893
4/6/30,88947
4/6/30,86914
4/6/30,51298
4/6/30,55872
4/6/30,78894
4/7/30,74837
4/7/30,68808
4/7/30,82566
4/7/30,76545
4/7/30,81667
4/7/30,52003
4/8/30,86950
4/8/30,67614
4/8/30,53297
4/8/30,57650
4/8/30,53232
4/9/30,53873
4/9/30,60056
4/9/30,62742
4/9/30,52480
4/10/30,50541
4/10/30,65574
4/10/30,82300
4/10/30,68890
4/10/30,85734
4/10/30,54727
4/11/30,54844
4/11/30,65639
4/11/30,50509
4/11/30,89008
4/11/30,61157
4/11/30,52436
4/11/30,72960
4/11/30,61473
4/11/30,74207
4/12/30,75518
4/12/30,58642
4/12/30,69741
4/12/30,58096
4/12/30,85201
4/12/30,54816
4/13/30,68190
4/13/30,65788
4/13/30,70104
4/13/30,68706
4/13/30,78602
4/13/30,59645
4/13/30,59444
4/15/30,50791
4/16/30,72960
4/16/30,54032
4/16/30,60722
4/17/30,61784
4/18/30,75961
4/18/30,71207
4/22/30,57213
4/23/30,80326
4/23/30,76748
4/24/30,54752
4/26/30,80889
5/9/30,74248
5/14/30,54856
5/14/30,89322
5/17/30,70865
5/18/30,77812
5/22/30,75381
5/23/30,55511
5/24/30,66233
5/24/30,85512
5/24/30,79426
5/27/30,75209
5/28/30,70087
5/28/30,73497
5/29/30,57466
5/29/30,83011
5/29/30,67529
5/30/30,88614
5/30/30,68882
5/30/30,65172
5/30/30,50506
5/30/30,85803
5/30/30,78932
5/31/30,86335
5/31/30,62946
6/2/30,63702
6/2/30,82186
6/2/30,85829
6/2/30,81930
6/2/30,73739
6/2/30,81121
6/4/30,66113
6/4/30,86166
6/4/30,53761
6/4/30,56024
6/4/30,78636
6/5/30,72374
6/5/30,53094
6/5/30,66699
6/6/30,76702
6/6/30,73825
6/6/30,60189
6/6/30,67150
6/6/30,78516
6/7/30,65223
6/7/30,67329
6/7/30,64209
6/7/30,52718
6/8/30,83094
6/8/30,68374
6/8/30,79476
6/8/30,76802
6/8/30,63462
6/9/30,70785
6/9/30,86870
6/10/30,52469
6/10/30,70354
6/10/30,63553
6/10/30,87703
6/10/30,67253
6/10/30,59429
6/10/30,79585
6/11/30,57430
6/11/30,59376
6/11/30,65963
6/11/30,59803
6/11/30,86184
6/11/30,65895
6/11/30,82246
6/11/30,88241
6/12/30,59781
6/12/30,67894
6/12/30,84681
6/12/30,78233
6/12/30,69280
6/12/30,53230
6/12/30,56328
6/12/30,83864
6/13/30,61117
6/13/30,77865
6/13/30,79213
6/13/30,84705
6/13/30,82767
6/14/30,65811
6/14/30,74963
6/14/30,70278
6/14/30,86369
6/14/30,72466
6/14/30,76233
6/14/30,72096
6/15/30,60285
6/15/30,86763
6/15/30,64620
6/15/30,81454
6/15/30,59547
6/15/30,54705
6/15/30,52625
6/16/30,84351
6/16/30,54163
6/16/30,72664
6/16/30,76741
6/16/30,76379
6/16/30,52947
6/17/30,73535
6/17/30,77390
6/17/30,85150
6/17/30,60651
6/17/30,55127
6/17/30,77737
6/17/30,75380
6/18/30,81193
6/18/30,55809
6/18/30,68485
6/19/30,87593
6/19/30,76811
6/19/30,70560
6/19/30,54363
6/19/30,72736
6/19/30,57796
6/19/30,54851
6/19/30,50491
6/19/30,66258
6/19/30,86294
6/19/30,70707
6/19/30,65782
6/20/30,57172
6/20/30,77447
6/20/30,80214
6/20/30,74591
6/20/30,68418
6/20/30,85185
6/20/30,63333
6/21/30,77236
6/21/30,87909
6/21/30,69432
6/21/30,60164
6/21/30,69850
6/21/30,77137
6/21/30,53075
6/21/30,85678
6/21/30,71408
6/21/30,53287
6/21/30,50957
6/21/30,51190
6/21/30,78620
6/22/30,73808
6/22/30,65958
6/22/30,53790
6/22/30,61580
6/22/30,73120
6/22/30,88752
6/22/30,52652
6/22/30,67757
6/22/30,67212
6/22/30,81473
6/22/30,60009
6/22/30,63697
6/22/30,83285
6/23/30,85467
6/23/30,67831
6/23/30,88596
6/23/30,71748
6/23/30,60047
6/23/30,70047
6/23/30,56667
6/23/30,58249
6/23/30,85900
6/23/30,85297
6/23/30,52741
6/23/30,81404
6/23/30,89867
6/23/30,71820
6/23/30,82862
6/23/30,75608
6/24/30,65241
6/24/30,54055
6/24/30,80585
6/24/30,67298
6/24/30,52177
6/24/30,81759
6/24/30,76167
6/24/30,62280
6/24/30,73119
6/24/30,54674
6/24/30,72897
6/24/30,63979
6/24/30,66701
6/24/30,83551
6/24/30,51099
6/25/30,77833
6/25/30,64602
6/25/30,88131
6/25/30,70861
6/25/30,57227
6/25/30,77344
6/25/30,50854
6/26/30,56429
6/26/30,55566
6/26/30,71989
6/26/30,59916
6/26/30,56664
6/26/30,77627
6/26/30,88142
6/26/30,68052
6/26/30,56019
6/26/30,60813
6/26/30,73775
6/26/30,75990
6/26/30,75741
6/27/30,87242
6/27/30,55752
6/27/30,82799
6/27/30,68316
6/27/30,89903
6/27/30,75932
6/27/30,75275
6/27/30,88601
6/27/30,62572
6/27/30,59652
6/28/30,70494
6/28/30,78413
6/28/30,83760
6/28/30,65647
6/28/30,50080
6/28/30,57637
6/28/30,54297
6/28/30,73009
6/28/30,88742
6/28/30,88911
6/28/30,86737
6/28/30,62275
6/29/30,83740
6/29/30,83444
6/29/30,67138
6/29/30,65970
6/29/30,51194
6/29/30,72596
6/29/30,68172
6/29/30,57563
6/29/30,76767
6/29/30,87940
6/29/30,69095
6/29/30,83385
6/29/30,75362
6/29/30,89538
6/29/30,71043
6/29/30,61700
6/29/30,77758
6/29/30,64102
6/30/30,85493
6/30/30,53519
6/30/30,80549
6/30/30,84052
7/1/30,78227
7/1/30,50874
7/1/30,80647
7/1/30,68834
7/1/30,68893
7/1/30,79123
7/1/30,84312
7/1/30,66125
7/1/30,64048
7/1/30,83532
7/2/30,57601
7/2/30,80956
7/2/30,60736
7/2/30,85404
7/2/30,78776
7/2/30,75549
7/2/30,61780
7/2/30,69984
7/2/30,59758
7/3/30,67971
7/3/30,73749
7/3/30,62862
7/3/30,61377
7/3/30,73505
7/3/30,74130
7/3/30,88280
7/3/30,68842
7/3/30,50430
7/3/30,75671
7/3/30,71035
7/3/30,52380
7/4/30,70665
7/4/30,61981
7/4/30,55040
7/4/30,76616
7/4/30,51853
7/4/30,74822
7/4/30,52707
7/4/30,60173
7/4/30,88812
7/4/30,52893
7/5/30,74231
7/5/30,56070
7/5/30,56285
7/5/30,67345
7/5/30,89363
7/5/30,72977
7/5/30,67603
7/5/30,59945
7/5/30,65037
7/5/30,63961
7/5/30,57693
7/5/30,73052
7/5/30,68049
7/6/30,65649
7/6/30,77599
7/6/30,78375
7/6/30,88457
7/6/30,72051
7/6/30,50129
7/7/30,60762
7/7/30,63041
7/7/30,67928
7/7/30,52433
7/7/30,67025
7/7/30,66218
7/7/30,82968
7/7/30,67616
7/7/30,68564
7/7/30,65595
7/7/30,88264
7/7/30,58904
7/7/30,84273
7/7/30,56029
7/7/30,88233
7/7/30,75828
7/8/30,52192
7/8/30,74440
7/8/30,76150
7/8/30,61064
7/8/30,63482
7/8/30,62144
7/8/30,73226
7/9/30,84253
7/9/30,77278
7/9/30,89001
7/9/30,66582
7/9/30,69283
7/9/30,51807
7/9/30,58010
7/10/30,75765
7/10/30,59406
7/10/30,79838
7/10/30,76557
7/10/30,62754
7/10/30,71523
7/10/30,87171
7/10/30,50149
7/10/30,52332
7/10/30,66214
7/10/30,63016
7/10/30,52581
7/11/30,54926
7/11/30,85591
7/11/30,83034
7/11/30,56917
7/11/30,80887
7/11/30,51586
7/11/30,70791
7/11/30,65309
7/11/30,55091
7/11/30,61387
7/11/30,73890
7/11/30,70542
7/11/30,78364
7/12/30,69351
7/12/30,71442
7/12/30,69143
7/12/30,78320
7/12/30,69651
7/12/30,56075
7/12/30,77415
7/12/30,69797
7/13/30,63637
7/13/30,56180
7/13/30,78938
7/13/30,64922
7/13/30,82385
7/13/30,83839
7/13/30,70697
7/13/30,64847
7/14/30,61060
7/14/30,54895
7/14/30,71672
7/14/30,65487
7/14/30,78064
7/14/30,53872
7/14/30,79419
7/14/30,50240
7/15/30,57607
7/15/30,62631
7/15/30,76367
7/15/30,55195
7/15/30,67100
7/15/30,74396
7/15/30,50301
7/15/30,51459
7/15/30,78029
7/16/30,67818
7/16/30,51797
7/16/30,72486
7/16/30,55204
7/16/30,66584
7/17/30,62122
7/17/30,62381
7/17/30,85459
7/17/30,58613
7/17/30,58616
7/17/30,71915
7/17/30,85878
7/17/30,54594
7/17/30,69542
7/18/30,61677
7/18/30,50566
7/18/30,62253
7/19/30,61296
7/19/30,81984
7/19/30,61942
7/19/30,84280
7/19/30,61246
7/20/30,59901
7/20/30,55141
7/20/30,53542
7/20/30,77280
7/20/30,82116
7/20/30,88472
7/20/30,64503
7/20/30,86928
7/20/30,54334
7/20/30,68613
7/21/30,55672
7/21/30,66803
7/21/30,53435
7/21/30,62142
7/22/30,88203
7/22/30,64247
7/22/30,53017
7/22/30,83717
7/23/30,68627
7/23/30,86864
7/23/30,70637
7/24/30,55955
7/24/30,82768
7/24/30,72723
7/24/30,77886
7/24/30,89825
7/25/30,53841
7/25/30,61886
7/25/30,77072
7/26/30,63139
7/26/30,54379
7/26/30,68275
7/26/30,58284
7/26/30,89785
7/27/30,69291
7/28/30,89800
7/28/30,67922
7/28/30,64496
7/28/30,84912
7/29/30,87420
7/29/30,71388
7/30/30,52117
7/30/30,59488
7/30/30,71010
7/30/30,69773
7/31/30,63875
7/31/30,86891
8/1/30,68507
8/1/30,52848
8/1/30,64642
8/2/30,86925
8/3/30,87375
8/3/30,72440
8/4/30,57294
8/4/30,55955
8/4/30,88947
8/4/30,76850
8/5/30,76042
8/5/30,87866
8/6/30,77891
8/7/30,81121
8/7/30,65655
8/8/30,87042
8/9/30,77891
8/9/30,70761
8/9/30,59512
8/12/30,80312
8/12/30,58012
8/13/30,71951
8/14/30,50228
8/15/30,57916
8/16/30,69367
8/16/30,80125
8/18/30,84057
8/19/30,74180
8/21/30,83307
8/22/30,77001
8/26/30,80287
9/7/30,52701
9/10/30,60216
9/11/30,59429
9/12/30,67523
9/13/30,63878
9/13/30,69360
9/14/30,83838
9/15/30,67438
9/15/30,77342
9/15/30,73811
9/16/30,89358
9/17/30,85814
9/17/30,81986
9/17/30,50316
9/18/30,60401
9/18/30,72250
9/18/30,76566
9/19/30,51621
9/19/30,59075
9/19/30,88381
9/19/30,64272
9/20/30,60616
9/20/30,52706
9/20/30,71486
9/20/30,78315
9/20/30,57248
9/20/30,89796
9/20/30,50746
9/20/30,59834
9/21/30,78952
9/21/30,61548
9/21/30,86888
9/21/30,57455
9/21/30,71532
9/21/30,58003
9/21/30,70736
9/22/30,84883
9/22/30,55318
9/22/30,66142
9/22/30,78789
9/22/30,73446
9/22/30,74144
9/22/30,53631
9/22/30,84918
9/23/30,50996
9/23/30,81216
9/23/30,89036
9/23/30,57735
9/23/30,67997
9/23/30,80805
9/23/30,57834
9/23/30,59622
9/23/30,80539
9/23/30,59095
9/24/30,51349
9/24/30,71652
9/24/30,81418
9/24/30,65281
9/24/30,50112
9/24/30,69520
9/24/30,85384
9/25/30,88388
9/25/30,52065
9/25/30,61856
9/25/30,75405
9/26/30,88613
9/26/30,74698
9/26/30,79464
9/26/30,52226
9/26/30,82004
9/26/30,54576
9/26/30,87926
9/26/30,60627
9/26/30,60728
9/26/30,56369
9/26/30,67741
9/26/30,81303
9/26/30,67310
9/26/30,89787
9/26/30,79044
9/26/30,64559
9/27/30,87019
9/27/30,75198
9/27/30,67549
9/27/30,66219
9/27/30,82585
9/27/30,86305
9/27/30,50432
9/28/30,81503
9/28/30,62033
9/28/30,65808
9/28/30,63586
9/28/30,72173
9/28/30,56177
9/28/30,89901
9/28/30,61527
9/28/30,72708
9/28/30,88351
9/28/30,79133
9/28/30,56224
9/28/30,52513
9/28/30,81650
9/28/30,85367
9/29/30,73685
9/29/30,85504
9/29/30,85083
9/29/30,71493
9/29/30,84064
9/29/30,74103
9/29/30,78550
9/29/30,79098
9/29/30,59317
9/29/30,65845
9/29/30,88293
9/29/30,85588
9/29/30,85322
9/29/30,79641
9/29/30,69065
9/29/30,75609
9/29/30,72242
9/29/30,83679
9/29/30,63004
9/29/30,62419
9/29/30,88294
9/29/30,56985
9/30/30,74069
9/30/30,66429
9/30/30,50366
9/30/30,55074
9/30/30,50768
9/30/30,73317
9/30/30,75244
9/30/30,76542
9/30/30,60396
9/30/30,70959
9/30/30,54776
9/30/30,57843
9/30/30,88211
10/1/30,86453
10/1/30,88293
10/1/30,80501
10/1/30,60196
10/1/30,65232
10/1/30,62813
10/1/30,86798
10/1/30,62212
10/1/30,83217
10/1/30,56957
10/1/30,63050
10/1/30,56723
10/1/30,70283
10/2/30,60036
10/2/30,73683
10/2/30,64107
10/2/30,70810
10/2/30,76518
10/2/30,83902
10/2/30,59113
10/2/30,61311
10/3/30,89590
10/3/30,57876
10/3/30,52440
10/3/30,63840
10/3/30,53075
10/3/30,76465
10/3/30,74527
10/3/30,83724
10/3/30,83403
10/3/30,80538
10/3/30,85489
10/3/30,61073
10/4/30,63055
10/4/30,65596
10/4/30,60444
10/4/30,85320
10/4/30,73935
10/4/30,79614
10/4/30,53029
10/4/30,59240
10/4/30,89659
10/4/30,74138
10/4/30,71217
10/4/30,85017
10/4/30,87461
10/4/30,86398
10/4/30,61959
10/4/30,82692
10/4/30,80979
10/4/30,88673
10/4/30,77706
10/4/30,58915
10/5/30,79503
10/5/30,78603
10/5/30,70095
10/5/30,72617
10/5/30,58241
10/5/30,67305
10/5/30,65146
10/5/30,77638
10/5/30,67989
10/5/30,58835
10/5/30,79852
10/5/30,59470
10/5/30,81040
10/6/30,79525
10/6/30,69715
10/6/30,69375
10/6/30,88996
10/6/30,62177
10/6/30,79891
10/6/30,54053
10/6/30,86446
10/6/30,74230
10/6/30,77920
10/6/30,83715
10/6/30,56036
10/6/30,86119
10/7/30,62315
10/7/30,57835
10/7/30,71605
10/7/30,50090
10/7/30,53856
10/7/30,52960
10/7/30,66654
10/7/30,58036
10/7/30,57785
10/7/30,68236
10/7/30,83544
10/7/30,77872
10/7/30,62850
10/7/30,85255
10/7/30,75446
10/8/30,55534
10/8/30,79421
10/8/30,56547
10/8/30,88130
10/8/30,61317
10/8/30,75296
10/8/30,66592
10/8/30,51743
10/8/30,78109
10/8/30,58131
10/8/30,83006
10/8/30,73742
10/8/30,66784
10/8/30,53031
10/8/30,77048
10/8/30,60881
10/8/30,86140
10/8/30,54081
10/8/30,83529
10/9/30,59125
10/9/30,76970
10/9/30,55029
10/9/30,76085
10/9/30,52628
10/9/30,69744
10/9/30,80795
10/9/30,89497
10/9/30,89281
10/9/30,51450
10/9/30,79126
10/9/30,85315
10/9/30,84615
10/9/30,77909
10/9/30,58865
10/9/30,68893
10/9/30,75864
10/9/30,64269
10/9/30,51038
10/10/30,59778
10/10/30,59961
10/10/30,73796
10/10/30,54573
10/10/30,71842
10/10/30,52165
10/10/30,65986
10/10/30,55406
10/10/30,58993
10/10/30,81525
10/10/30,62394
10/10/30,56710
10/10/30,62577
10/10/30,52987
10/10/30,69392
10/10/30,56160
10/11/30,83709
10/11/30,88305
10/11/30,61034
10/11/30,51422
10/11/30,57709
10/11/30,60993
10/11/30,61907
10/11/30,85616
10/11/30,53772
10/11/30,60872
10/11/30,55356
10/11/30,65637
10/11/30,57810
10/11/30,75438
10/11/30,64711
10/11/30,70578
10/11/30,68074
10/11/30,63967
10/11/30,71216
10/12/30,59121
10/12/30,58443
10/12/30,70462
10/12/30,70662
10/12/30,53770
10/12/30,60352
10/12/30,79327
10/12/30,73586
10/12/30,51738
10/12/30,80296
10/12/30,77773
10/12/30,74488
10/12/30,79555
10/12/30,68689
10/12/30,50023
10/12/30,80478
10/12/30,80537
10/12/30,84881
10/12/30,55953
10/12/30,59554
10/12/30,79825
10/12/30,81178
10/12/30,67634
10/13/30,89174
10/13/30,63077
10/13/30,80120
10/13/30,65748
10/13/30,84164
10/13/30,83050
10/13/30,55903
10/13/30,71951
10/13/30,84072
10/13/30,73493
10/13/30,84581
10/13/30,80061
10/13/30,52571
10/13/30,52991
10/13/30,50646
10/14/30,60265
10/14/30,55303
10/14/30,87726
10/14/30,73335
10/14/30,60715
10/14/30,53322
10/14/30,82604
10/14/30,57837
10/14/30,69585
10/14/30,73408
10/14/30,77952
10/14/30,52295
10/14/30,74292
10/14/30,89298
10/14/30,55592
10/14/30,62482
10/14/30,66536
10/14/30,71287
10/14/30,57534
10/14/30,57716
10/15/30,69245
10/15/30,77264
10/15/30,76025
10/15/30,76910
10/15/30,59080
10/15/30,83441
10/15/30,59001
10/15/30,72787
10/15/30,80102
10/15/30,77369
10/15/30,62339
10/15/30,52555
10/15/30,76281
10/15/30,82618
10/15/30,74390
10/15/30,80598
10/16/30,54603
10/16/30,68066
10/16/30,83621
10/16/30,88815
10/16/30,65536
10/16/30,83152
10/16/30,52577
10/17/30,67746
10/17/30,80003
10/17/30,66192
10/17/30,82621
10/17/30,52702
10/17/30,70769
10/17/30,70558
10/17/30,88356
10/17/30,67959
10/17/30,75049
10/17/30,71030
10/17/30,50031
10/17/30,68420
10/17/30,88967
10/17/30,56834
10/18/30,62174
10/18/30,78131
10/18/30,62262
10/18/30,58631
10/18/30,68390
10/18/30,68328
10/18/30,57351
10/18/30,54365
10/18/30,62421
10/18/30,55234
10/18/30,86717
10/18/30,77192
10/18/30,69810
10/19/30,62580
10/19/30,82202
10/19/30,72768
10/19/30,84324
10/19/30,79688
10/19/30,86672
10/19/30,77112
10/19/30,88314
10/19/30,82947
10/19/30,87862
10/19/30,77520
10/20/30,69209
10/20/30,78437
10/20/30,85710
10/20/30,76734
10/20/30,63772
10/20/30,85838
10/21/30,78923
10/21/30,87669
10/21/30,80932
10/21/30,89069
10/21/30,88186
10/21/30,63257
10/21/30,55180
10/21/30,62986
10/21/30,78244
10/21/30,89914
10/22/30,80834
10/22/30,81507
10/22/30,80851
10/22/30,89360
10/22/30,79423
10/22/30,89735
10/23/30,63748
10/23/30,57623
10/23/30,52133
10/23/30,74051
10/23/30,67729
10/23/30,86121
10/23/30,61317
10/23/30,80468
10/24/30,78431
10/24/30,62525
10/24/30,74688
10/24/30,71169
10/24/30,87868
10/24/30,60327
10/24/30,80663
10/24/30,85400
10/24/30,58350
10/24/30,67386
10/25/30,76024
10/25/30,71058
10/25/30,88114
10/25/30,69451
10/25/30,67475
10/25/30,84727
10/26/30,65125
10/26/30,78320
10/26/30,58264
10/26/30,88450
10/27/30,59605
10/27/30,88483
10/27/30,51362
10/28/30,59118
10/28/30,56662
10/28/30,89313
10/28/30,87327
10/29/30,51853
10/29/30,85014
10/29/30,50166
10/30/30,83565
10/30/30,68146
10/30/30,72798
10/31/30,87272
10/31/30,79135
10/31/30,87658
10/31/30,86659
11/2/30,55626
11/3/30,73747
11/3/30,63634
11/6/30,56514
11/6/30,76589
11/7/30,62729
11/8/30,76948
11/16/30,57527
9/6/30,67680
9/11/30,54400
9/13/30,54206
9/14/30,65769
9/14/30,87333
9/15/30,66571
9/15/30,87553
9/16/30,70488
9/17/30,89043
9/17/30,84647
9/17/30,85684
9/17/30,81834
9/17/30,52327
9/18/30,79985
9/18/30,65126
9/18/30,59900
9/19/30,58592
9/19/30,80770
9/19/30,52764
9/19/30,60558
9/19/30,53257
9/20/30,89185
9/20/30,77541
9/20/30,85542
9/20/30,67978
9/20/30,60075
9/21/30,65867
9/22/30,65319
9/22/30,67201
9/22/30,86253
9/22/30,86934
9/22/30,57275
9/23/30,82943
9/23/30,55960
9/23/30,89589
9/23/30,57208
9/23/30,68034
9/23/30,85675
9/23/30,86869
9/23/30,67949
9/23/30,61311
9/24/30,55627
9/24/30,72068
9/24/30,59135
9/24/30,75578
9/24/30,86236
9/24/30,78687
9/24/30,63814
9/25/30,78465
9/25/30,59342
9/25/30,87626
9/25/30,67290
9/25/30,59563
9/25/30,63095
9/25/30,83858
9/25/30,60612
9/25/30,50413
9/25/30,56896
9/25/30,84988
9/25/30,78331
9/25/30,56081
9/25/30,64997
9/25/30,66617
9/25/30,63022
9/25/30,68046
9/26/30,57159
9/26/30,67084
9/26/30,82162
9/26/30,76352
9/26/30,78659
9/26/30,51626
9/26/30,70620
9/26/30,71879
9/26/30,85500
9/26/30,75897
9/26/30,88733
9/26/30,74288
9/26/30,81117
9/26/30,62095
9/26/30,79163
9/26/30,56487
9/26/30,68483
9/26/30,67129
9/27/30,50877
9/27/30,72703
9/27/30,58486
9/27/30,72141
9/27/30,68932
9/27/30,65065
9/27/30,60926
9/27/30,83340
9/27/30,73937
9/27/30,84991
9/27/30,69849
9/27/30,72212
9/27/30,75211
9/28/30,58650
9/28/30,61173
9/28/30,52409
9/28/30,55633
9/28/30,52684
9/28/30,87176
9/28/30,67638
9/28/30,71389
9/28/30,69518
9/28/30,56433
9/28/30,80673
9/28/30,78183
9/28/30,66379
9/28/30,79600
9/29/30,50702
9/29/30,85258
9/29/30,88125
9/29/30,82670
9/29/30,57135
9/29/30,65188
9/29/30,87385
9/30/30,75288
9/30/30,80965
9/30/30,56504
9/30/30,70849
9/30/30,83525
9/30/30,52222
9/30/30,61057
9/30/30,53392
9/30/30,86580
9/30/30,82809
9/30/30,89710
9/30/30,60203
9/30/30,65493
9/30/30,52561
9/30/30,75510
9/30/30,81185
9/30/30,60478
9/30/30,81204
9/30/30,82551
9/30/30,74650
9/30/30,72547
9/30/30,79373
9/30/30,51987
9/30/30,65694
10/1/30,61840
10/1/30,59922
10/1/30,58522
10/1/30,53082
10/1/30,69234
10/1/30,81775
10/1/30,53035
10/1/30,68708
10/1/30,52101
10/1/30,76092
10/1/30,58204
10/1/30,87527
10/1/30,86398
10/1/30,57763
10/1/30,87005
10/2/30,78453
10/2/30,82356
10/2/30,58180
10/2/30,82948
10/2/30,77118
10/2/30,69041
10/2/30,63396
10/2/30,68130
10/2/30,73545
10/2/30,65030
10/2/30,71107
10/2/30,83696
10/2/30,80881
10/2/30,80825
10/2/30,65819
10/2/30,84359
10/2/30,84909
10/2/30,69135
10/3/30,60841
10/3/30,54638
10/3/30,64529
10/3/30,86302
10/3/30,88119
10/3/30,65786
10/3/30,52003
10/3/30,77587
10/3/30,69138
10/3/30,85654
10/3/30,63812
10/3/30,66508
10/3/30,65948
10/3/30,68191
10/3/30,51908
10/3/30,58635
10/3/30,74399
10/3/30,76836
10/3/30,77479
10/3/30,83160
10/3/30,50251
10/3/30,77152
10/3/30,89438
10/4/30,75805
10/4/30,58558
10/4/30,80517
10/4/30,86250
10/4/30,68228
10/4/30,60174
10/4/30,66400
10/4/30,77156
10/4/30,83909
10/4/30,62610
10/4/30,61358
10/4/30,61769
10/4/30,70974
10/4/30,88940
10/4/30,55748
10/4/30,68562
10/4/30,56277
10/4/30,72382
10/4/30,52546
10/4/30,67872
10/4/30,53143
10/4/30,51918
10/4/30,75845
10/4/30,68924
10/5/30,58518
10/5/30,81826
10/5/30,80261
10/5/30,50351
10/5/30,58638
10/5/30,71277
10/5/30,74578
10/5/30,78114
10/5/30,82251
10/5/30,61361
10/5/30,67221
10/5/30,50098
10/5/30,64147
10/5/30,51456
10/5/30,82295
10/5/30,59224
10/5/30,67469
10/5/30,82323
10/5/30,53574
10/5/30,84211
10/5/30,75733
10/5/30,59493
10/6/30,86734
10/6/30,70636
10/6/30,66440
10/6/30,65724
10/6/30,57154
10/6/30,73467
10/6/30,50788
10/6/30,61064
10/6/30,63429
10/6/30,72968
10/6/30,82526
10/6/30,62238
10/6/30,74238
10/6/30,87271
10/6/30,76119
10/6/30,75945
10/6/30,51626
10/6/30,56216
10/6/30,66523
10/6/30,68929
10/6/30,73908
10/7/30,88032
10/7/30,77233
10/7/30,74776
10/7/30,75460
10/7/30,78412
10/7/30,82338
10/7/30,83936
10/7/30,80028
10/7/30,89555
10/7/30,60671
10/7/30,60938
10/7/30,73445
10/7/30,62775
10/7/30,89437
10/7/30,70090
10/7/30,58689
10/7/30,65107
10/7/30,76205
10/7/30,87920
10/7/30,69984
10/7/30,67411
10/7/30,57114
10/7/30,68180
10/7/30,62762
10/7/30,82327
10/7/30,58278
10/7/30,58842
10/8/30,63444
10/8/30,58526
10/8/30,74668
10/8/30,50244
10/8/30,51529
10/8/30,68966
10/8/30,72713
10/8/30,58276
10/8/30,67683
10/8/30,85475
10/8/30,60032
10/8/30,51860
10/8/30,77263
10/8/30,65191
10/8/30,83924
10/8/30,77501
10/8/30,74490
10/8/30,51315
10/8/30,77718
10/8/30,61972
10/9/30,78654
10/9/30,68691
10/9/30,54628
10/9/30,51481
10/9/30,67521
10/9/30,65315
10/9/30,83193
10/9/30,55539
10/9/30,51997
10/9/30,67639
10/9/30,66751
10/9/30,71223
10/9/30,71432
10/9/30,88054
10/9/30,55399
10/9/30,71221
10/9/30,51628
10/9/30,89894
10/9/30,53758
10/9/30,73281
10/10/30,50954
10/10/30,62561
10/10/30,86875
10/10/30,86189
10/10/30,62346
10/10/30,84967
10/10/30,70088
10/10/30,77582
10/10/30,68770
10/10/30,87099
10/10/30,75158
10/10/30,81499
10/10/30,72275
10/10/30,74251
10/10/30,83108
10/10/30,73533
10/10/30,89520
10/10/30,58061
10/10/30,67397
10/10/30,77671
10/10/30,74322
10/10/30,58241
10/10/30,74474
10/10/30,73126
10/10/30,67716
10/10/30,57309
10/10/30,67076
10/10/30,62482
10/10/30,64743
10/10/30,64512
10/10/30,65148
10/10/30,64695
10/11/30,55650
10/11/30,72431
10/11/30,79865
10/11/30,62125
10/11/30,70862
10/11/30,80559
10/11/30,68192
10/11/30,64530
10/11/30,75241
10/11/30,57963
10/11/30,58273
10/11/30,50350
10/11/30,71684
10/11/30,56883
10/11/30,50048
10/11/30,51685
10/12/30,87403
10/12/30,71049
10/12/30,65370
10/12/30,83547
10/12/30,79902
10/12/30,84745
10/12/30,78482
10/12/30,87268
10/12/30,71604
10/12/30,81505
10/12/30,54961
10/12/30,84754
10/13/30,51800
10/13/30,81006
10/13/30,72558
10/13/30,86870
10/13/30,61111
10/13/30,55941
10/13/30,65523
10/13/30,60203
10/13/30,83815
10/13/30,89351
10/13/30,71257
10/13/30,83186
10/13/30,67698
10/13/30,69873
10/13/30,51139
10/13/30,77602
10/13/30,58764
10/13/30,77587
10/14/30,62807
10/14/30,57843
10/14/30,73314
10/14/30,88770
10/14/30,52324
10/14/30,78050
10/14/30,77082
10/14/30,52771
10/14/30,79515
10/14/30,53028
10/14/30,89132
10/14/30,77250
10/14/30,74040
10/15/30,84192
10/15/30,84513
10/15/30,71665
10/15/30,74640
10/15/30,62318
10/15/30,62880
10/15/30,88230
10/15/30,63058
10/15/30,74223
10/15/30,68789
10/15/30,64067
10/15/30,69315
10/15/30,81838
10/15/30,53471
10/15/30,81653
10/16/30,50957
10/16/30,73145
10/16/30,78456
10/16/30,71379
10/16/30,55897
10/16/30,86583
10/16/30,79560
10/16/30,88248
10/16/30,89977
10/16/30,86042
10/16/30,82442
10/16/30,79036
10/16/30,89780
10/16/30,85439
10/16/30,67805
10/16/30,62393
10/16/30,82207
10/16/30,66054
10/16/30,57793
10/16/30,57597
10/16/30,86239
10/17/30,74906
10/17/30,73516
10/17/30,75292
10/17/30,82825
10/17/30,68768
10/17/30,75165
10/17/30,62436
10/17/30,51447
10/17/30,65732
10/17/30,79684
10/17/30,84471
10/17/30,75657
10/17/30,76854
10/17/30,73822
10/17/30,76729
10/17/30,64358
10/17/30,50437
10/17/30,89770
10/17/30,88453
10/18/30,73153
10/18/30,73532
10/18/30,73595
10/18/30,57786
10/18/30,69190
10/18/30,55055
10/18/30,56780
10/18/30,51327
10/18/30,73112
10/18/30,75449
10/18/30,81926
10/18/30,76385
10/18/30,81548
10/19/30,83829
10/19/30,79084
10/19/30,80892
10/19/30,82464
10/19/30,86231
10/19/30,65440
10/19/30,56068
10/19/30,80172
10/19/30,62422
10/19/30,65617
10/19/30,77987
10/19/30,50006
10/19/30,63809
10/19/30,67344
10/19/30,74233
10/20/30,50795
10/20/30,86889
10/20/30,70794
10/20/30,53427
10/20/30,57102
10/20/30,58187
10/20/30,79309
10/20/30,75048
10/21/30,69337
10/21/30,71159
10/21/30,69924
10/21/30,57011
10/21/30,60047
10/21/30,70634
10/21/30,53853
10/21/30,82421
10/21/30,52891
10/21/30,88644
10/21/30,82197
10/21/30,66383
10/21/30,86522
10/21/30,83625
10/21/30,50837
10/21/30,54504
10/22/30,75972
10/22/30,51982
10/22/30,80929
10/22/30,51165
10/22/30,63221
10/22/30,73641
10/22/30,55273
10/22/30,64356
10/23/30,82051
10/23/30,59023
10/23/30,51049
10/23/30,82758
10/23/30,73911
10/23/30,65811
10/23/30,66507
10/23/30,83125
10/23/30,57196
10/24/30,71540
10/24/30,55058
10/24/30,73211
10/24/30,78295
10/24/30,50545
10/24/30,50387
10/24/30,62694
10/24/30,79673
10/25/30,64535
10/25/30,61906
10/25/30,81157
10/25/30,73083
10/25/30,60112
10/25/30,85322
10/25/30,60999
10/25/30,75862
10/25/30,87796
10/26/30,70316
10/26/30,85621
10/26/30,79913
10/26/30,65216
10/27/30,73034
10/27/30,63261
10/27/30,69831
10/27/30,83850
10/27/30,51450
10/27/30,73375
10/28/30,73539
10/28/30,53474
10/28/30,65014
10/28/30,79294
10/29/30,81903
10/29/30,66130
10/29/30,51617
10/30/30,66368
10/31/30,67932
10/31/30,87342
10/31/30,53941
10/31/30,59183
10/31/30,76532
10/31/30,51159
11/1/30,83422
11/1/30,50993
11/1/30,67919
11/1/30,69986
11/1/30,57965
11/2/30,73929
11/3/30,50083
11/3/30,63595
11/4/30,80808
11/6/30,58357
11/14/30,59514
11/15/30,67235
11/16/30,82801
11/20/30,59926
11/21/30,86717
11/21/30,51974
11/22/30,87378
11/22/30,87739
11/22/30,85151
11/22/30,71496
11/23/30,62498
11/23/30,89925
11/23/30,88110
11/23/30,54838
11/24/30,73879
11/25/30,55398
11/25/30,83254
11/25/30,62850
11/25/30,65274
11/25/30,63318
11/26/30,64748
11/26/30,52065
11/26/30,79729
11/26/30,57877
11/26/30,83141
11/27/30,89003
11/27/30,50773
11/27/30,69035
11/27/30,63936
11/27/30,59739
11/27/30,59565
11/27/30,62132
11/27/30,83458
11/28/30,79575
11/28/30,85250
11/28/30,88125
11/28/30,66302
11/28/30,64493
11/29/30,81968
11/29/30,77435
11/29/30,61460
11/29/30,73781
11/29/30,71573
11/30/30,67985
11/30/30,56802
11/30/30,60980
11/30/30,84931
11/30/30,58399
11/30/30,86123
11/30/30,56157
12/1/30,79678
12/1/30,60356
12/1/30,84913
12/1/30,69251
12/1/30,65067
12/1/30,65116
12/2/30,51294
12/2/30,85955
12/2/30,66561
12/2/30,75946
12/2/30,57787
12/3/30,74039
12/3/30,78063
12/3/30,64806
12/3/30,68046
12/3/30,53506
12/3/30,55920
12/3/30,80596
12/3/30,84902
12/4/30,50756
12/4/30,59559
12/4/30,76940
12/4/30,79292
12/4/30,86647
12/4/30,84025
12/5/30,51232
12/5/30,67214
12/5/30,54468
12/6/30,85843
12/7/30,84189
12/7/30,78979
12/8/30,52641
12/11/30,88362
12/20/30,73469
12/23/30,52441
12/25/30,51849
12/25/30,75403
12/25/30,62290
12/25/30,66601
12/26/30,71624
12/26/30,71821
12/26/30,70705
12/26/30,75202
12/26/30,57286
12/27/30,50601
12/27/30,68395
12/28/30,65064
12/29/30,53448
12/29/30,76996
12/29/30,73889
12/29/30,61359
12/30/30,63829
1/1/31,65789
3/3/31,73763
3/10/31,78603
3/11/31,65040
3/12/31,63321
3/12/31,81265
3/13/31,60896
3/13/31,74169
3/14/31,55581
3/14/31,69943
3/14/31,65645
3/14/31,87029
3/14/31,62838
3/14/31,64821
3/14/31,62467
3/15/31,69606
3/15/31,67663
3/15/31,87979
3/15/31,52412
3/16/31,81470
3/16/31,54750
3/17/31,78908
3/17/31,76129
3/17/31,85420
3/17/31,53694
3/17/31,72627
3/17/31,60336
3/17/31,84442
3/18/31,77486
3/18/31,63148
3/18/31,62338
3/18/31,60523
3/18/31,74783
3/18/31,63600
3/18/31,57928
3/18/31,57660
3/19/31,59093
3/19/31,61277
3/19/31,75340
3/19/31,67469
3/20/31,77603
3/20/31,76259
3/20/31,56864
3/20/31,61627
3/20/31,77016
3/20/31,86012
3/20/31,68925
3/20/31,79991
3/20/31,50455
3/20/31,53092
3/21/31,83321
3/21/31,59234
3/21/31,76632
3/21/31,56963
3/21/31,60964
3/21/31,79709
3/21/31,70773
3/22/31,52530
3/22/31,82911
3/22/31,52423
3/22/31,61442
3/22/31,57791
3/22/31,59794
3/22/31,62880
3/23/31,89341
3/23/31,62646
3/23/31,85437
3/23/31,79558
3/23/31,60473
3/23/31,88280
3/23/31,73521
3/24/31,59275
3/24/31,64823
3/24/31,79199
3/24/31,74355
3/24/31,68836
3/24/31,76563
3/25/31,69238
3/25/31,60499
3/25/31,77264
3/25/31,60801
3/25/31,70053
3/25/31,80988
3/26/31,55856
3/26/31,80515
3/26/31,71635
3/26/31,53663
3/26/31,79872
3/26/31,75090
3/26/31,81513
3/26/31,76828
3/26/31,78980
3/26/31,54553
3/26/31,71637
3/26/31,56049
3/26/31,65089
3/26/31,84612
3/26/31,67314
3/26/31,65017
3/26/31,75538
3/26/31,61467
3/26/31,88991
3/26/31,76075
3/26/31,53808
3/26/31,87795
3/27/31,81311
3/27/31,74594
3/27/31,62897
3/27/31,54788
3/27/31,64183
3/27/31,66441
3/27/31,65370
3/27/31,64055
3/27/31,55178
3/27/31,72985
3/27/31,74044
3/27/31,88583
3/27/31,52182
3/27/31,55719
3/27/31,55619
3/27/31,57751
3/27/31,85394
3/27/31,53536
3/27/31,75119
3/28/31,84173
3/28/31,73905
3/28/31,62384
3/28/31,63481
3/28/31,67824
3/28/31,74345
3/28/31,52753
3/28/31,52532
3/28/31,89241
3/28/31,51428
3/28/31,88511
3/28/31,70160
3/28/31,81051
3/28/31,86214
3/28/31,84786
3/28/31,78493
3/29/31,58210
3/29/31,78442
3/29/31,63881
3/29/31,69907
3/29/31,84166
3/29/31,73673
3/29/31,76371
3/29/31,58661
3/29/31,67161
3/29/31,76853
3/29/31,88103
3/30/31,50867
3/30/31,72020
3/30/31,63110
3/30/31,79426
3/30/31,71712
3/30/31,70325
3/30/31,85628
3/30/31,53367
3/30/31,84295
3/30/31,59512
3/30/31,52991
3/30/31,68409
3/30/31,61605
3/30/31,60270
3/30/31,80444
3/30/31,78614
3/30/31,82810
3/31/31,75257
3/31/31,61354
3/31/31,51150
3/31/31,71562
3/31/31,71614
3/31/31,59593
3/31/31,58989
3/31/31,53153
3/31/31,57606
3/31/31,86615
3/31/31,89694
3/31/31,69604
3/31/31,57652
3/31/31,73394
3/31/31,85105
3/31/31,63276
4/1/31,56229
4/1/31,52618
4/1/31,73899
4/1/31,77931
4/1/31,70213
4/1/31,77174
4/1/31,62289
4/1/31,65115
4/1/31,82116
4/1/31,69777
4/1/31,66849
4/1/31,60922
4/1/31,81629
4/1/31,82810
4/1/31,76223
4/1/31,62126
4/1/31,79726
4/1/31,81024
4/1/31,81961
4/2/31,83719
4/2/31,87292
4/2/31,87930
4/2/31,89501
4/2/31,81936
4/2/31,83848
4/2/31,71802
4/2/31,52426
4/2/31,87035
4/2/31,60328
4/2/31,74303
4/3/31,72036
4/3/31,54028
4/3/31,80933
4/3/31,60465
4/3/31,73862
4/3/31,53830
4/3/31,77637
4/3/31,67571
4/4/31,85395
4/4/31,74387
4/4/31,84778
4/4/31,81022
4/4/31,77114
4/4/31,82908
4/4/31,50927
4/4/31,78201
4/4/31,85777
4/4/31,68613
4/4/31,60238
4/5/31,55470
4/5/31,57082
4/5/31,84198
4/5/31,86985
4/5/31,72322
4/5/31,80560
4/5/31,85754
4/5/31,73239
4/5/31,54625
4/5/31,50832
4/5/31,62205
4/6/31,75122
4/6/31,86368
4/6/31,81410
4/6/31,84771
4/6/31,68571
4/6/31,79087
4/7/31,74067
4/7/31,55521
4/8/31,51228
4/8/31,82143
4/8/31,57017
4/8/31,50635
4/8/31,70113
4/8/31,66444
4/8/31,57515
4/8/31,65795
4/8/31,85019
4/9/31,64551
4/9/31,58888
4/9/31,51725
4/9/31,53690
4/9/31,87285
4/9/31,60160
4/9/31,65897
4/10/31,69706
4/10/31,81473
4/11/31,59772
4/11/31,61169
4/11/31,50627
4/11/31,79933
4/11/31,53034
4/12/31,80532
4/12/31,74960
4/12/31,55546
4/12/31,74057
4/12/31,53776
4/13/31,85321
4/13/31,85560
4/13/31,78207
4/13/31,61251
4/13/31,81348
4/13/31,68257
4/14/31,53729
4/14/31,63825
4/14/31,80607
4/15/31,81638
4/15/31,71707
4/15/31,85289
4/16/31,58918
4/17/31,80100
4/18/31,52372
4/19/31,75706
4/20/31,71365
4/20/31,59987
4/20/31,50611
4/20/31,52410
4/21/31,85967